{"stats":{"minecraft:mined":{"minecraft:seagrass":1,"minecraft:grass":1,"minecraft:tall_seagrass":2,"minecraft:grass_block":1,"minecraft:dirt":3,"minecraft:sugar_cane":5,"minecraft:peony":1},"minecraft:killed_by":{"minecraft:skeleton":1},"minecraft:picked_up":{"minecraft:sugar_cane":6,"minecraft:dirt":4},"minecraft:used":{"minecraft:dirt":4,"minecraft:sugar_cane":6},"minecraft:custom":{"minecraft:time_since_rest":1,"minecraft:crouch_one_cm":326,"minecraft:sprint_one_cm":11596,"minecraft:play_time":8951,"minecraft:damage_taken":255,"minecraft:deaths":1,"minecraft:walk_one_cm":12022,"minecraft:sneak_time":88,"minecraft:walk_under_water_one_cm":1162,"minecraft:jump":64,"minecraft:damage_dealt":27,"minecraft:leave_game":3,"minecraft:walk_on_water_one_cm":1798,"minecraft:time_since_death":460,"minecraft:total_world_time":8951,"minecraft:fall_one_cm":836,"minecraft:fly_one_cm":9857}},"DataVersion":3465}