{"stats":{"minecraft:killed_by":{"minecraft:skeleton":1},"minecraft:mined":{"minecraft:seagrass":1,"minecraft:grass":1,"minecraft:tall_seagrass":2,"minecraft:grass_block":1,"minecraft:dirt":3,"minecraft:sugar_cane":5,"minecraft:peony":1},"minecraft:used":{"minecraft:dirt":4,"minecraft:sugar_cane":6},"minecraft:picked_up":{"minecraft:sugar_cane":6,"minecraft:dirt":4},"minecraft:custom":{"minecraft:time_since_rest":0,"minecraft:crouch_one_cm":326,"minecraft:sprint_one_cm":11596,"minecraft:play_time":8094,"minecraft:deaths":1,"minecraft:damage_taken":255,"minecraft:walk_one_cm":10679,"minecraft:sneak_time":88,"minecraft:walk_under_water_one_cm":1162,"minecraft:jump":49,"minecraft:damage_dealt":27,"minecraft:leave_game":2,"minecraft:walk_on_water_one_cm":1798,"minecraft:time_since_death":0,"minecraft:total_world_time":8094,"minecraft:fall_one_cm":836,"minecraft:fly_one_cm":9857}},"DataVersion":3465}